Russell = Russell Anderson
philip.starkey@gmail.com = Philip Starkey
pacosalces = Francisco Salces Carcoba
shjohnst = Shaun Johnstone 
pit-tuebingen = Christopher Billington
spielman@umd.edu = Ian Spielman
rene.kolb@gmail.com = Rene Kolb
spielman = Ian Spielman
philip.starkey@monash.edu = Philip Starkey
jan.wrk.fb@gmail.com = Jan Werkmann
chrisjbillington@gmail.com =  Christopher Billington
Chris =  Christopher Billington
RbLi = Christopher Billington
tbaldwin@uoregon.edu = Tom Baldwin
cbillington = Christopher Billington
chris.billington@monash.edu = Christopher Billington
pstarkey = Philip Starkey
chrisjbillington = Christopher Billington
matt@earnshaw.org.uk = Matt Earnshaw
martijnj = Martijn Jasperse
dsbark7@gmail.com = Daniel Barker
shaunj = Shaun Johnstone
shjohnst@localhost = Shaun Johnstone
dihm.meyer@gmail.com = David Meyer
lbennie = Lisa Starkey
rander = Russell Anderson
janwerkmann@gmail.com = Jan Werkmann
jan = Jan Werkmann
beclab@bec-knarbli-control.physics.monash.edu.au = Unknown
chris.billington@monash.edu.au = Christopher Billington
aawoo1 = Alex Wood
Phil@pinetab.staff.monash.edu.au = Philip Starkey
lincoln.turner@monash.edu = Lincoln Turner
mikhaile = Mikhail Egorov
cbilling = Christopher Billington
russell.anderson@monash.edu = Russell Anderson
Phil@pinetab.home = Philip Starkey
Chris Billington = Christopher Billington
test = Unknown
beclab = Unknown
janwerkmann = Jan Werkmann
dihm = David Meyer
philip = Philip Starkey
Phil = Philip Starkey
dsbark7 = Daniel Barker
rene = Rene Kolb
tbaldwin = Tom Baldwin
matt = Matt Earnshaw
vnegnev = Vlad Negnevitsky
vnegnev@gmail.com = Vlad Negnevitsky
lincoln = Lincoln Turner
